,x,open,high,low,close,volume,sup,res,sup_break,res_break,zigzag
0,2019-06-19 00:00:00,9010.0,9106.5,8965.0,9085.5,158623217.0,0.0,0.0,0,0,9085.5
1,2019-06-19 01:00:00,9085.5,9179.0,9046.0,9175.5,163861895.0,0.0,0.0,0,0,
2,2019-06-19 02:00:00,9175.5,9186.5,9146.0,9149.5,108292288.0,0.0,0.0,0,0,
3,2019-06-19 03:00:00,9149.5,9169.0,9127.5,9155.0,57369340.0,0.0,0.0,0,0,
4,2019-06-19 04:00:00,9155.0,9176.5,9141.0,9143.5,48087413.0,0.0,0.0,0,0,
5,2019-06-19 05:00:00,9143.5,9218.0,9143.5,9170.0,130894504.0,0.0,0.0,0,0,
6,2019-06-19 06:00:00,9170.0,9196.0,9156.0,9190.0,59769729.0,0.0,0.0,0,0,
7,2019-06-19 07:00:00,9190.0,9199.5,9160.0,9162.0,48542739.0,0.0,0.0,0,0,
8,2019-06-19 08:00:00,9162.0,9189.0,9144.0,9189.0,57417720.0,0.0,0.0,0,0,
9,2019-06-19 09:00:00,9189.0,9214.0,9171.5,9175.0,60224959.0,0.0,0.0,0,0,
10,2019-06-19 10:00:00,9175.0,9180.0,9104.5,9115.5,117495121.0,0.0,0.0,0,0,
11,2019-06-19 11:00:00,9115.5,9140.0,9090.0,9134.5,85401742.0,0.0,0.0,0,0,
12,2019-06-19 12:00:00,9134.5,9141.5,9106.5,9141.5,57738273.0,0.0,0.0,0,0,
13,2019-06-19 13:00:00,9141.5,9152.5,9062.0,9090.0,154715239.0,0.0,0.0,0,0,
14,2019-06-19 14:00:00,9090.0,9152.0,9045.0,9137.5,172667847.0,0.0,0.0,0,0,
15,2019-06-19 15:00:00,9137.5,9140.0,9062.0,9078.5,91245099.0,0.0,0.0,0,0,
16,2019-06-19 16:00:00,9078.5,9133.0,9053.0,9094.5,173153403.0,0.0,0.0,0,0,
17,2019-06-19 17:00:00,9094.5,9167.0,9080.0,9143.0,134007524.0,0.0,0.0,0,0,
18,2019-06-19 18:00:00,9143.0,9175.5,9130.5,9154.5,56579447.0,0.0,0.0,0,0,
19,2019-06-19 19:00:00,9154.5,9155.0,9105.0,9118.0,53143107.0,9045.0,9214.0,0,0,
20,2019-06-19 20:00:00,9118.0,9147.5,9114.0,9145.0,30617002.0,9045.0,9180.0,0,0,
21,2019-06-19 21:00:00,9145.0,9188.5,9125.5,9171.5,114258638.0,9045.0,9188.5,0,0,
22,2019-06-19 22:00:00,9171.5,9250.0,9144.0,9249.5,100957376.0,9045.0,9250.0,0,0,
23,2019-06-19 23:00:00,9249.5,9300.0,9249.5,9267.5,175661315.0,9045.0,9300.0,0,0,
24,2019-06-20 00:00:00,9267.5,9329.5,9262.0,9287.5,117574120.0,9045.0,9329.5,0,0,
25,2019-06-20 01:00:00,9287.5,9313.0,9272.0,9274.5,55375581.0,9053.0,9329.5,0,0,
26,2019-06-20 02:00:00,9274.5,9290.0,9254.5,9276.0,62522597.0,9053.0,9329.5,0,0,
27,2019-06-20 03:00:00,9276.0,9347.0,9276.0,9344.5,101680243.0,9080.0,9347.0,0,0,
28,2019-06-20 04:00:00,9344.5,9374.5,9335.5,9352.0,108633326.0,9105.0,9374.5,0,0,
29,2019-06-20 05:00:00,9352.0,9364.5,9298.0,9319.5,90282125.0,9105.0,9374.5,0,0,
30,2019-06-20 06:00:00,9319.5,9329.0,9305.0,9305.0,39725343.0,9114.0,9374.5,0,0,
31,2019-06-20 07:00:00,9305.0,9321.5,9298.5,9307.0,50148712.0,9125.5,9374.5,0,0,
32,2019-06-20 08:00:00,9307.0,9335.5,9268.0,9280.5,107784939.0,9144.0,9374.5,0,0,
33,2019-06-20 09:00:00,9280.5,9286.5,9220.5,9233.5,167320220.0,9220.5,9374.5,0,0,
34,2019-06-20 10:00:00,9233.5,9265.5,9232.0,9236.0,75000203.0,9220.5,9374.5,0,0,
35,2019-06-20 11:00:00,9236.0,9259.0,9226.0,9254.5,73111409.0,9220.5,9374.5,0,0,
36,2019-06-20 12:00:00,9254.5,9287.5,9240.0,9280.5,72792790.0,9220.5,9374.5,0,0,
37,2019-06-20 13:00:00,9280.5,9288.0,9260.5,9280.0,76837164.0,9220.5,9374.5,0,0,
38,2019-06-20 14:00:00,9280.0,9349.0,9279.0,9330.0,159120873.0,9220.5,9374.5,0,0,
39,2019-06-20 15:00:00,9330.0,9382.5,9313.5,9380.0,168046901.0,9220.5,9382.5,0,0,
40,2019-06-20 16:00:00,9380.0,9435.0,9322.0,9395.5,224682029.0,9220.5,9435.0,0,0,
41,2019-06-20 17:00:00,9395.5,9451.0,9331.0,9366.0,263468935.0,9220.5,9451.0,0,0,
42,2019-06-20 18:00:00,9366.0,9366.5,9285.0,9362.5,181404859.0,9220.5,9451.0,0,0,
43,2019-06-20 19:00:00,9362.5,9475.0,9326.5,9427.5,200300313.0,9220.5,9475.0,0,0,
44,2019-06-20 20:00:00,9427.5,9565.0,9403.0,9524.5,245782946.0,9226.0,9565.0,0,0,
45,2019-06-20 21:00:00,9524.5,9613.5,9504.0,9570.5,377676898.0,9226.0,9613.5,0,0,
46,2019-06-20 22:00:00,9570.5,9617.5,9500.0,9526.0,219304441.0,9240.0,9617.5,0,0,
47,2019-06-20 23:00:00,9526.0,9600.0,9461.0,9558.5,152015226.0,9260.5,9617.5,0,0,
48,2019-06-21 00:00:00,9558.5,9594.5,9512.5,9532.0,131787923.0,9279.0,9617.5,0,0,
49,2019-06-21 01:00:00,9532.0,9598.0,9532.0,9592.5,78167477.0,9285.0,9617.5,0,0,
50,2019-06-21 02:00:00,9592.5,9788.5,9592.0,9744.0,380766424.0,9285.0,9788.5,0,0,
51,2019-06-21 03:00:00,9744.0,9819.0,9651.5,9726.5,331529843.0,9285.0,9819.0,0,0,
52,2019-06-21 04:00:00,9726.5,9769.0,9690.0,9757.0,151835872.0,9285.0,9819.0,0,0,
53,2019-06-21 05:00:00,9757.0,9789.5,9737.5,9750.5,129630715.0,9326.5,9819.0,0,0,
54,2019-06-21 06:00:00,9750.5,9770.5,9712.0,9770.0,125689775.0,9403.0,9819.0,0,0,
55,2019-06-21 07:00:00,9770.0,9780.0,9650.5,9696.5,188465016.0,9461.0,9819.0,0,0,
56,2019-06-21 08:00:00,9696.5,9763.5,9684.0,9763.0,94281651.0,9461.0,9819.0,0,0,
57,2019-06-21 09:00:00,9763.0,9763.5,9724.5,9737.5,70753537.0,9461.0,9819.0,0,0,
58,2019-06-21 10:00:00,9737.5,9844.0,9698.0,9805.0,264939652.0,9512.5,9844.0,0,0,
59,2019-06-21 11:00:00,9805.0,9824.0,9746.5,9790.0,182356603.0,9532.0,9844.0,0,0,
60,2019-06-21 12:00:00,9790.0,9861.0,9776.0,9837.5,188060761.0,9592.0,9861.0,0,0,
61,2019-06-21 13:00:00,9837.5,9867.0,9788.5,9847.5,155043322.0,9650.5,9867.0,0,0,
62,2019-06-21 14:00:00,9847.5,9932.0,9652.5,9770.0,558324021.0,9650.5,9932.0,0,0,
63,2019-06-21 15:00:00,9770.0,9839.0,9738.5,9832.0,179808514.0,9650.5,9932.0,0,0,
64,2019-06-21 16:00:00,9832.0,9864.5,9792.0,9811.5,152712691.0,9650.5,9932.0,0,0,
65,2019-06-21 17:00:00,9811.5,9910.0,9803.0,9869.0,227130535.0,9650.5,9932.0,0,0,
66,2019-06-21 18:00:00,9869.0,9955.0,9843.0,9924.0,232785596.0,9652.5,9955.0,0,0,
67,2019-06-21 19:00:00,9924.0,9961.0,9885.0,9922.5,131980649.0,9652.5,9961.0,0,0,
68,2019-06-21 20:00:00,9922.5,9925.0,9823.5,9901.0,141661958.0,9652.5,9961.0,0,0,
69,2019-06-21 21:00:00,9901.0,9955.5,9866.0,9945.0,102444364.0,9652.5,9961.0,0,0,
70,2019-06-21 22:00:00,9945.0,9958.0,9891.0,9923.0,104380296.0,9652.5,9961.0,0,0,
71,2019-06-21 23:00:00,9923.0,9923.5,9850.0,9917.0,159970588.0,9652.5,9961.0,0,0,
72,2019-06-22 00:00:00,9917.0,10287.5,9908.5,10279.5,649366404.0,9652.5,10287.5,0,0,
73,2019-06-22 01:00:00,10279.5,10277.0,10111.5,10195.0,312656483.0,9738.5,10287.5,0,0,
74,2019-06-22 02:00:00,10195.0,10535.5,10181.0,10520.5,569094464.0,9792.0,10535.5,0,0,
75,2019-06-22 03:00:00,10520.5,10900.5,10420.0,10756.5,744266951.0,9803.0,10900.5,0,0,
76,2019-06-22 04:00:00,10756.5,10969.5,10575.0,10641.0,591228841.0,9823.5,10969.5,0,0,
77,2019-06-22 05:00:00,10641.0,10744.0,10570.0,10683.5,374945703.0,9823.5,10969.5,0,0,
78,2019-06-22 06:00:00,10683.5,10780.0,10675.0,10740.0,223134525.0,9823.5,10969.5,0,0,
79,2019-06-22 07:00:00,10740.0,10780.0,10687.0,10773.5,179490527.0,9850.0,10969.5,0,0,
80,2019-06-22 08:00:00,10773.5,10799.0,10682.0,10689.0,159687879.0,9850.0,10969.5,0,0,
81,2019-06-22 09:00:00,10689.0,10849.0,10653.0,10820.0,265502870.0,9850.0,10969.5,0,0,
82,2019-06-22 10:00:00,10820.0,10995.0,10775.5,10959.0,348682759.0,9908.5,10995.0,0,0,
83,2019-06-22 11:00:00,10959.0,10972.0,10861.0,10920.0,279868711.0,10111.5,10995.0,0,0,
84,2019-06-22 12:00:00,10920.0,10948.0,10810.5,10876.5,207111787.0,10181.0,10995.0,0,0,
85,2019-06-22 13:00:00,10876.5,11231.5,10877.0,11130.0,743748001.0,10420.0,11231.5,0,0,11231.5
86,2019-06-22 14:00:00,11130.0,11193.0,11050.0,11132.5,356181327.0,10570.0,11231.5,0,0,
87,2019-06-22 15:00:00,11132.5,11200.0,10300.0,10797.0,876724313.0,10300.0,11231.5,0,0,10300.0
88,2019-06-22 16:00:00,10797.0,10861.0,10650.5,10817.5,350559573.0,10300.0,11231.5,0,0,
89,2019-06-22 17:00:00,10817.5,11019.0,10817.5,10918.0,318103255.0,10300.0,11231.5,0,0,
90,2019-06-22 18:00:00,10918.0,10956.0,10677.0,10730.0,296092600.0,10300.0,11231.5,0,0,
91,2019-06-22 19:00:00,10730.0,10814.0,10555.5,10625.0,249457911.0,10300.0,11231.5,0,0,
92,2019-06-22 20:00:00,10625.0,10724.0,10438.5,10692.5,340522319.0,10300.0,11231.5,0,0,
93,2019-06-22 21:00:00,10692.5,10764.0,10586.5,10630.0,187358981.0,10300.0,11231.5,0,0,
94,2019-06-22 22:00:00,10630.0,10678.5,10512.0,10607.5,205147341.0,10300.0,11231.5,0,0,
95,2019-06-22 23:00:00,10607.5,10607.5,10351.0,10522.0,294827546.0,10300.0,11231.5,0,0,
96,2019-06-23 00:00:00,10522.0,10754.5,10521.0,10692.0,215687302.0,10300.0,11200.0,0,0,
97,2019-06-23 01:00:00,10692.0,10892.0,10662.0,10837.5,209676638.0,10300.0,11200.0,0,0,
98,2019-06-23 02:00:00,10837.5,10950.0,10778.5,10849.5,153194606.0,10351.0,11019.0,0,0,
99,2019-06-23 03:00:00,10849.5,10870.0,10686.0,10686.5,126872645.0,10351.0,11019.0,0,0,
100,2019-06-23 04:00:00,10686.5,10759.0,10614.5,10757.0,145173006.0,10351.0,10956.0,0,0,
101,2019-06-23 05:00:00,10757.0,10785.5,10680.0,10699.5,123350194.0,10351.0,10950.0,0,0,
102,2019-06-23 06:00:00,10699.5,10806.0,10641.0,10790.5,137807134.0,10351.0,10950.0,0,0,
103,2019-06-23 07:00:00,10790.5,10815.0,10712.0,10731.0,90349763.0,10351.0,10950.0,0,0,
104,2019-06-23 08:00:00,10731.0,10757.0,10672.5,10710.5,110083289.0,10351.0,10950.0,0,0,
105,2019-06-23 09:00:00,10710.5,10746.5,10656.0,10675.5,99682760.0,10351.0,10950.0,0,0,
106,2019-06-23 10:00:00,10675.5,10694.0,10559.0,10650.0,222147226.0,10521.0,10950.0,0,0,
107,2019-06-23 11:00:00,10650.0,10652.0,10481.0,10530.0,180049474.0,10481.0,10950.0,0,0,
108,2019-06-23 12:00:00,10530.0,10640.0,10530.0,10565.5,127933035.0,10481.0,10950.0,0,0,
109,2019-06-23 13:00:00,10565.5,10755.5,10564.5,10694.5,221574042.0,10481.0,10870.0,0,0,
110,2019-06-23 14:00:00,10694.5,10694.5,10581.0,10615.5,167327104.0,10481.0,10815.0,0,0,
111,2019-06-23 15:00:00,10615.5,10780.0,10615.5,10730.5,195481400.0,10481.0,10815.0,0,0,
112,2019-06-23 16:00:00,10730.5,10773.0,10670.0,10740.5,161463058.0,10481.0,10815.0,0,0,
113,2019-06-23 17:00:00,10740.5,10774.5,10633.5,10665.5,154607580.0,10481.0,10815.0,0,0,
114,2019-06-23 18:00:00,10665.5,10726.5,10652.5,10716.0,67715897.0,10481.0,10780.0,0,0,
115,2019-06-23 19:00:00,10716.0,10846.5,10700.0,10837.5,162672487.0,10481.0,10846.5,0,0,
116,2019-06-23 20:00:00,10837.5,11040.0,10837.5,10970.0,423055532.0,10481.0,11040.0,0,0,
117,2019-06-23 21:00:00,10970.0,11111.0,10950.0,11041.5,330399676.0,10481.0,11111.0,0,0,
118,2019-06-23 22:00:00,11041.5,11286.5,10570.0,10893.0,645305792.0,10530.0,11286.5,0,0,
119,2019-06-23 23:00:00,10893.0,11024.5,10755.0,10859.5,340437751.0,10564.5,11286.5,0,0,
120,2019-06-24 00:00:00,10859.5,10866.5,10730.5,10841.5,225407234.0,10570.0,11286.5,0,0,
121,2019-06-24 01:00:00,10841.5,10842.0,10540.0,10654.5,372136379.0,10540.0,11286.5,0,0,
122,2019-06-24 02:00:00,10654.5,10687.0,10541.5,10622.5,198082876.0,10540.0,11286.5,0,0,
123,2019-06-24 03:00:00,10622.5,10689.0,10575.0,10629.5,146725835.0,10540.0,11286.5,0,0,
124,2019-06-24 04:00:00,10629.5,10668.5,10584.5,10641.5,80726816.0,10540.0,11286.5,0,0,
125,2019-06-24 05:00:00,10641.5,10778.5,10612.0,10778.0,140541909.0,10540.0,11286.5,0,0,
126,2019-06-24 06:00:00,10778.0,10816.5,10743.5,10790.0,106964609.0,10540.0,11286.5,0,0,
127,2019-06-24 07:00:00,10790.0,10790.5,10703.0,10724.0,103924735.0,10540.0,11286.5,0,0,
128,2019-06-24 08:00:00,10724.0,10790.0,10722.0,10770.0,65828486.0,10540.0,11286.5,0,0,
129,2019-06-24 09:00:00,10770.0,10890.0,10770.0,10880.0,158874721.0,10540.0,11024.5,0,0,
130,2019-06-24 10:00:00,10880.0,10940.0,10820.0,10868.5,189025085.0,10540.0,10940.0,0,0,
131,2019-06-24 11:00:00,10868.5,10975.5,10855.0,10870.5,173346493.0,10540.0,10975.5,0,0,
132,2019-06-24 12:00:00,10870.5,10878.0,10762.0,10878.0,203130277.0,10541.5,10975.5,0,0,
133,2019-06-24 13:00:00,10878.0,10939.5,10850.0,10866.5,152138828.0,10575.0,10975.5,0,0,
134,2019-06-24 14:00:00,10866.5,10890.5,10780.0,10844.5,160755914.0,10584.5,10975.5,0,0,
135,2019-06-24 15:00:00,10844.5,10954.0,10825.0,10953.5,173757887.0,10612.0,10975.5,0,0,
136,2019-06-24 16:00:00,10953.5,10983.0,10858.0,10915.0,180431649.0,10703.0,10983.0,0,0,
137,2019-06-24 17:00:00,10915.0,11110.0,10903.0,11023.5,396381047.0,10703.0,11110.0,0,0,
138,2019-06-24 18:00:00,11023.5,11066.0,10990.0,11037.5,114659865.0,10722.0,11110.0,0,0,
139,2019-06-24 19:00:00,11037.5,11095.0,10955.0,10979.0,167656419.0,10762.0,11110.0,0,0,
140,2019-06-24 20:00:00,10979.0,11022.5,10770.0,10905.0,282939382.0,10762.0,11110.0,0,0,
141,2019-06-24 21:00:00,10905.0,10950.0,10805.0,10855.0,140059988.0,10762.0,11110.0,0,0,
142,2019-06-24 22:00:00,10855.0,10942.0,10855.0,10933.0,72169676.0,10762.0,11110.0,0,0,
143,2019-06-24 23:00:00,10933.0,11066.5,10933.0,11017.0,166949067.0,10770.0,11110.0,0,0,
144,2019-06-25 00:00:00,11017.0,11060.0,10961.5,11045.0,99546941.0,10770.0,11110.0,0,0,
145,2019-06-25 01:00:00,11045.0,11150.0,10996.0,11055.0,224280387.0,10770.0,11150.0,0,0,
146,2019-06-25 02:00:00,11055.0,11139.5,11051.0,11120.5,135103740.0,10770.0,11150.0,0,0,
147,2019-06-25 03:00:00,11120.5,11223.5,11076.0,11133.0,230600926.0,10770.0,11223.5,0,0,
148,2019-06-25 04:00:00,11133.0,11172.5,11081.5,11143.0,128637105.0,10770.0,11223.5,0,0,
149,2019-06-25 05:00:00,11143.0,11227.0,11131.0,11227.0,145709528.0,10770.0,11227.0,0,0,
150,2019-06-25 06:00:00,11227.0,11380.0,11219.5,11304.0,407309765.0,10770.0,11380.0,0,0,
151,2019-06-25 07:00:00,11304.0,11399.5,11215.5,11285.0,356621102.0,10805.0,11399.5,0,0,
152,2019-06-25 08:00:00,11285.0,11387.0,11275.5,11360.5,193293003.0,10855.0,11399.5,0,0,
153,2019-06-25 09:00:00,11360.5,11377.0,11260.0,11300.5,163313586.0,10933.0,11399.5,0,0,
154,2019-06-25 10:00:00,11300.5,11344.5,11270.0,11334.5,131102473.0,10961.5,11399.5,0,0,
155,2019-06-25 11:00:00,11334.5,11460.0,11314.0,11406.5,286915648.0,10996.0,11460.0,0,0,
156,2019-06-25 12:00:00,11406.5,11476.0,11300.0,11389.0,381189110.0,11051.0,11476.0,0,0,
157,2019-06-25 13:00:00,11389.0,11414.5,10998.0,11208.0,586128465.0,10998.0,11476.0,0,0,
158,2019-06-25 14:00:00,11208.0,11295.0,11180.0,11294.5,203892015.0,10998.0,11476.0,0,0,
159,2019-06-25 15:00:00,11294.5,11346.5,11250.0,11288.5,196497599.0,10998.0,11476.0,0,0,
160,2019-06-25 16:00:00,11288.5,11388.0,11263.0,11352.5,183448917.0,10998.0,11476.0,0,0,
161,2019-06-25 17:00:00,11352.5,11438.5,11322.0,11325.0,216148181.0,10998.0,11476.0,0,0,
162,2019-06-25 18:00:00,11325.0,11379.5,11216.5,11335.0,292251934.0,10998.0,11476.0,0,0,
163,2019-06-25 19:00:00,11335.0,11405.0,11293.0,11387.0,115817720.0,10998.0,11476.0,0,0,
164,2019-06-25 20:00:00,11387.0,11402.0,11333.5,11363.5,87416906.0,10998.0,11476.0,0,0,
165,2019-06-25 21:00:00,11363.5,11419.0,11344.0,11374.5,118649459.0,10998.0,11476.0,0,0,
166,2019-06-25 22:00:00,11374.5,11594.0,11345.0,11550.0,319979636.0,10998.0,11594.0,0,0,
167,2019-06-25 23:00:00,11550.0,11717.5,11524.0,11681.0,472724848.0,10998.0,11717.5,0,0,
168,2019-06-26 00:00:00,11681.0,11797.5,11570.5,11760.5,453845879.0,11180.0,11797.5,0,0,
169,2019-06-26 01:00:00,11760.5,11978.0,11659.0,11924.5,556848936.0,11216.5,11978.0,0,0,
170,2019-06-26 02:00:00,11924.5,11969.0,11800.0,11877.5,403782659.0,11216.5,11978.0,0,0,
171,2019-06-26 03:00:00,11877.5,11920.0,11772.0,11905.0,238763716.0,11216.5,11978.0,0,0,
172,2019-06-26 04:00:00,11905.0,12260.0,11904.5,12237.5,655042045.0,11216.5,12260.0,0,0,
173,2019-06-26 05:00:00,12237.5,12489.0,12121.0,12452.0,679448315.0,11293.0,12489.0,0,0,
174,2019-06-26 06:00:00,12452.0,12972.5,12366.0,12496.5,1142571310.0,11333.5,12972.5,0,0,
175,2019-06-26 07:00:00,12496.5,12768.5,12470.5,12741.5,485672980.0,11344.0,12972.5,0,0,
176,2019-06-26 08:00:00,12741.5,12755.0,12466.0,12469.0,426713753.0,11345.0,12972.5,0,0,
177,2019-06-26 09:00:00,12469.0,12669.5,12469.0,12627.0,299910043.0,11524.0,12972.5,0,0,
178,2019-06-26 10:00:00,12627.0,12627.5,12266.0,12366.0,499863110.0,11570.5,12972.5,0,0,
179,2019-06-26 11:00:00,12366.0,12716.5,12322.5,12704.5,340450124.0,11659.0,12972.5,0,0,
180,2019-06-26 12:00:00,12704.5,12728.5,12596.0,12656.5,270625333.0,11772.0,12972.5,0,0,
181,2019-06-26 13:00:00,12656.5,12840.0,12561.0,12820.5,332467281.0,11772.0,12972.5,0,0,
182,2019-06-26 14:00:00,12820.5,12944.0,12720.5,12900.0,479197584.0,11904.5,12972.5,0,0,
183,2019-06-26 15:00:00,12900.0,12947.5,12625.0,12760.5,477483444.0,12121.0,12972.5,0,0,
184,2019-06-26 16:00:00,12760.5,12896.0,12717.5,12844.5,346847443.0,12266.0,12972.5,0,0,
185,2019-06-26 17:00:00,12844.5,13600.0,12784.0,13600.0,973350328.0,12266.0,13600.0,0,0,
186,2019-06-26 18:00:00,13600.0,13600.0,13152.5,13457.5,682585172.0,12266.0,13600.0,0,0,
187,2019-06-26 19:00:00,13457.5,13900.0,13365.0,13827.0,686593237.0,12266.0,13900.0,0,0,
188,2019-06-26 20:00:00,13827.0,13920.0,13621.5,13888.0,468289802.0,12266.0,13920.0,0,0,13920.0
189,2019-06-26 21:00:00,13888.0,13900.0,11633.0,12750.0,1186351397.0,11633.0,13920.0,0,0,11633.0
190,2019-06-26 22:00:00,12750.0,12795.0,11862.0,12460.5,870836951.0,11633.0,13920.0,0,0,
191,2019-06-26 23:00:00,12460.5,12600.0,12150.0,12434.5,519543030.0,11633.0,13920.0,0,0,
192,2019-06-27 00:00:00,12434.5,12969.0,12434.0,12930.0,598868369.0,11633.0,13920.0,0,0,
193,2019-06-27 01:00:00,12930.0,13333.0,12700.0,13107.0,639196530.0,11633.0,13920.0,0,0,13333.0
194,2019-06-27 02:00:00,13107.0,13270.0,12400.0,12732.5,666752351.0,11633.0,13920.0,0,0,
195,2019-06-27 03:00:00,12732.5,12830.0,12443.0,12771.0,383844557.0,11633.0,13920.0,0,0,
196,2019-06-27 04:00:00,12771.0,12848.0,12611.5,12810.5,231365603.0,11633.0,13920.0,0,0,
197,2019-06-27 05:00:00,12810.5,13013.0,12800.0,12856.5,328038591.0,11633.0,13920.0,0,0,
198,2019-06-27 06:00:00,12856.5,12856.5,12574.0,12821.5,307030531.0,11633.0,13920.0,0,0,
199,2019-06-27 07:00:00,12821.5,12821.5,12089.0,12388.0,614725524.0,11633.0,13900.0,0,0,
200,2019-06-27 08:00:00,12388.0,12527.0,12231.5,12412.0,422643404.0,11862.0,13333.0,0,0,
201,2019-06-27 09:00:00,12412.0,12476.5,11806.5,11935.5,631107900.0,11806.5,13333.0,0,0,
202,2019-06-27 10:00:00,11935.5,12038.0,11344.0,11806.0,883156590.0,11344.0,13333.0,0,0,
203,2019-06-27 11:00:00,11806.0,12007.5,11700.0,11738.0,465840017.0,11344.0,13333.0,0,0,
204,2019-06-27 12:00:00,11738.0,12099.0,11738.5,12085.5,328474459.0,11344.0,13270.0,0,0,
205,2019-06-27 13:00:00,12085.5,12177.5,11639.0,11728.0,468272040.0,11344.0,13013.0,0,0,
206,2019-06-27 14:00:00,11728.0,11822.5,11524.0,11636.5,425871376.0,11344.0,13013.0,0,0,
207,2019-06-27 15:00:00,11636.5,11946.0,11391.5,11940.0,548524409.0,11344.0,13013.0,0,0,
208,2019-06-27 16:00:00,11940.0,11950.0,11521.0,11682.5,375075299.0,11344.0,12856.5,0,0,
209,2019-06-27 17:00:00,11682.5,11795.5,10811.0,10935.5,929904130.0,10811.0,12821.5,0,0,
210,2019-06-27 18:00:00,10935.5,10948.0,10412.0,10853.5,880133039.0,10412.0,12527.0,0,0,
211,2019-06-27 19:00:00,10853.5,11050.0,10680.0,10981.5,405917155.0,10412.0,12476.5,0,0,
212,2019-06-27 20:00:00,10981.5,10982.0,10600.0,10853.0,372003664.0,10412.0,12177.5,0,0,
213,2019-06-27 21:00:00,10853.0,10909.0,10300.0,10705.0,551934382.0,10300.0,12177.5,0,0,10300.0
214,2019-06-27 22:00:00,10705.0,10830.0,10484.0,10730.0,284753104.0,10300.0,12177.5,0,0,
215,2019-06-27 23:00:00,10730.0,11130.0,10729.5,11069.5,360555952.0,10300.0,12177.5,0,0,
216,2019-06-28 00:00:00,11069.5,11314.0,10961.0,11156.5,413638950.0,10300.0,11950.0,0,0,
217,2019-06-28 01:00:00,11156.5,11456.0,11014.0,11456.0,311130419.0,10300.0,11950.0,0,0,
218,2019-06-28 02:00:00,11456.0,11500.0,11151.0,11212.0,321403512.0,10300.0,11950.0,0,0,
219,2019-06-28 03:00:00,11212.0,11327.5,10907.0,10945.0,286021690.0,10300.0,11795.5,0,0,
220,2019-06-28 04:00:00,10945.0,11088.0,10771.0,11080.5,299459742.0,10300.0,11500.0,0,0,
221,2019-06-28 05:00:00,11080.5,11168.5,10850.0,11030.0,278446710.0,10300.0,11500.0,0,0,
222,2019-06-28 06:00:00,11030.0,11140.0,10741.0,11133.5,262172696.0,10300.0,11500.0,0,0,
223,2019-06-28 07:00:00,11133.5,11465.5,11133.5,11320.5,362855398.0,10300.0,11500.0,0,0,
224,2019-06-28 08:00:00,11320.5,11580.0,11218.0,11265.5,410071447.0,10484.0,11580.0,0,0,
225,2019-06-28 09:00:00,11265.5,11722.0,11265.5,11653.0,351406675.0,10729.5,11722.0,0,0,
226,2019-06-28 10:00:00,11653.0,11925.0,11650.0,11872.0,462627372.0,10741.0,11925.0,0,0,
227,2019-06-28 11:00:00,11872.0,11997.0,11683.5,11843.0,465155750.0,10741.0,11997.0,0,0,
228,2019-06-28 12:00:00,11843.0,12094.0,11740.0,12076.0,327595413.0,10741.0,12094.0,0,0,
229,2019-06-28 13:00:00,12076.0,12076.0,11560.0,11646.5,498619149.0,10741.0,12094.0,0,0,
230,2019-06-28 14:00:00,11646.5,11888.0,11537.0,11880.0,397721904.0,10741.0,12094.0,0,0,
231,2019-06-28 15:00:00,11880.0,11880.0,11676.5,11735.5,260808554.0,10741.0,12094.0,0,0,
232,2019-06-28 16:00:00,11735.5,11990.0,11737.5,11900.5,298954437.0,10741.0,12094.0,0,0,
233,2019-06-28 17:00:00,11900.5,11986.0,11720.0,11900.0,273438851.0,11133.5,12094.0,0,0,
234,2019-06-28 18:00:00,11900.0,11915.5,11740.0,11821.5,215130925.0,11218.0,12094.0,0,0,
235,2019-06-28 19:00:00,11821.5,11982.0,11782.0,11923.5,187450810.0,11265.5,12094.0,0,0,
236,2019-06-28 20:00:00,11923.5,12359.0,11900.5,12342.0,437987908.0,11537.0,12359.0,0,0,
237,2019-06-28 21:00:00,12342.0,12417.5,12115.0,12222.0,313966957.0,11537.0,12417.5,0,0,
238,2019-06-28 22:00:00,12222.0,12369.5,12221.5,12291.0,162313239.0,11537.0,12417.5,0,0,
239,2019-06-28 23:00:00,12291.0,12334.0,12139.0,12312.0,192110372.0,11537.0,12417.5,0,0,
240,2019-06-29 00:00:00,12312.0,12465.0,12265.0,12374.5,255160944.0,11537.0,12465.0,0,0,12465.0
241,2019-06-29 01:00:00,12374.5,12393.5,12140.5,12200.0,255324016.0,11676.5,12465.0,0,0,
242,2019-06-29 02:00:00,12200.0,12340.0,11820.0,11820.0,251547356.0,11720.0,12465.0,0,0,
243,2019-06-29 03:00:00,11820.0,11855.0,11500.5,11711.5,620060767.0,11500.5,12465.0,0,0,
244,2019-06-29 04:00:00,11711.5,11730.0,11390.0,11484.0,345492880.0,11390.0,12465.0,0,0,
245,2019-06-29 05:00:00,11484.0,11634.0,11350.0,11616.5,297547309.0,11350.0,12465.0,0,0,11350.0
246,2019-06-29 06:00:00,11616.5,11672.5,11454.0,11517.5,207767484.0,11350.0,12465.0,0,0,
247,2019-06-29 07:00:00,11517.5,11800.0,11428.0,11782.0,328205331.0,11350.0,12465.0,0,0,
248,2019-06-29 08:00:00,11782.0,11861.0,11675.0,11824.5,210185114.0,11350.0,12465.0,0,0,
249,2019-06-29 09:00:00,11824.5,11825.0,11578.0,11636.0,238018139.0,11350.0,12465.0,0,0,
250,2019-06-29 10:00:00,11636.0,11735.5,11555.0,11571.5,217972743.0,11350.0,12465.0,0,0,
251,2019-06-29 11:00:00,11571.5,11821.0,11500.0,11794.5,261472501.0,11350.0,12393.5,0,0,
252,2019-06-29 12:00:00,11794.5,11949.5,11706.0,11941.5,270495803.0,11350.0,12340.0,0,0,
253,2019-06-29 13:00:00,11941.5,12100.0,11930.5,12053.0,327490706.0,11350.0,12100.0,0,0,
254,2019-06-29 14:00:00,12053.0,12175.5,11915.0,11977.5,307966261.0,11350.0,12175.5,0,0,
255,2019-06-29 15:00:00,11977.5,12016.5,11828.0,11937.0,250192901.0,11350.0,12175.5,0,0,
256,2019-06-29 16:00:00,11937.0,12077.0,11794.5,11892.5,222461407.0,11428.0,12175.5,0,0,
257,2019-06-29 17:00:00,11892.5,11989.5,11619.0,11811.0,346838201.0,11428.0,12175.5,0,0,
258,2019-06-29 18:00:00,11811.0,12034.5,11742.0,11967.5,167543133.0,11500.0,12175.5,0,0,
259,2019-06-29 19:00:00,11967.5,12069.0,11920.0,11965.0,146822192.0,11500.0,12175.5,0,0,
260,2019-06-29 20:00:00,11965.0,12025.0,11850.0,11869.5,153112271.0,11500.0,12175.5,0,0,
261,2019-06-29 21:00:00,11869.5,12288.0,11869.5,12172.0,218145547.0,11500.0,12288.0,0,0,12288.0
262,2019-06-29 22:00:00,12172.0,12237.0,11873.5,11950.0,248911861.0,11619.0,12288.0,0,0,
263,2019-06-29 23:00:00,11950.0,12115.0,11927.0,12044.5,139147911.0,11619.0,12288.0,0,0,
264,2019-06-30 00:00:00,12044.5,12062.0,11820.0,11870.0,151059904.0,11619.0,12288.0,0,0,
265,2019-06-30 01:00:00,11870.0,12162.0,11869.5,12138.0,165808069.0,11619.0,12288.0,0,0,
266,2019-06-30 02:00:00,12138.0,12143.0,12002.5,12092.5,86383921.0,11619.0,12288.0,0,0,
267,2019-06-30 03:00:00,12092.5,12112.5,12011.0,12079.0,54317532.0,11619.0,12288.0,0,0,
268,2019-06-30 04:00:00,12079.0,12227.5,11988.0,12141.5,175369178.0,11742.0,12288.0,0,0,
269,2019-06-30 05:00:00,12141.5,12165.0,12028.0,12051.5,121030896.0,11820.0,12288.0,0,0,
270,2019-06-30 06:00:00,12051.5,12146.0,11860.0,11977.0,225128461.0,11820.0,12288.0,0,0,
271,2019-06-30 07:00:00,11977.0,12031.0,11875.5,11907.5,171688866.0,11820.0,12288.0,0,0,
272,2019-06-30 08:00:00,11907.5,11930.5,11610.0,11707.5,397152017.0,11610.0,12237.0,0,0,
273,2019-06-30 09:00:00,11707.5,11798.5,11670.5,11778.5,123261754.0,11610.0,12227.5,0,0,
274,2019-06-30 10:00:00,11778.5,11844.0,11696.0,11762.0,125049752.0,11610.0,12227.5,0,0,
275,2019-06-30 11:00:00,11762.0,11768.0,11400.5,11498.0,431523488.0,11400.5,12227.5,0,0,
276,2019-06-30 12:00:00,11498.0,11565.0,11454.0,11508.5,161586032.0,11400.5,12227.5,0,0,
277,2019-06-30 13:00:00,11508.5,11604.0,11467.0,11533.5,210201923.0,11400.5,12227.5,0,0,
278,2019-06-30 14:00:00,11533.5,11589.5,10936.0,11061.5,544264760.0,10936.0,12227.5,0,0,
279,2019-06-30 15:00:00,11061.5,11170.0,10873.5,11138.0,419716729.0,10873.5,12165.0,0,0,
280,2019-06-30 16:00:00,11138.0,11155.0,11033.0,11039.5,155077834.0,10873.5,12146.0,0,0,
281,2019-06-30 17:00:00,11039.5,11248.5,10804.5,11187.5,465257650.0,10804.5,12031.0,0,0,
282,2019-06-30 18:00:00,11187.5,11334.0,11176.5,11263.5,266718718.0,10804.5,11930.5,0,0,
283,2019-06-30 19:00:00,11263.5,11274.5,11125.0,11173.5,186981918.0,10804.5,11844.0,0,0,
284,2019-06-30 20:00:00,11173.5,11299.0,11050.0,11223.5,177036019.0,10804.5,11844.0,0,0,
285,2019-06-30 21:00:00,11223.5,11415.5,11135.5,11391.5,212298694.0,10804.5,11768.0,0,0,
286,2019-06-30 22:00:00,11391.5,11420.5,11224.0,11257.0,162623173.0,10804.5,11604.0,0,0,
287,2019-06-30 23:00:00,11257.0,11257.5,10812.5,10909.5,377166017.0,10804.5,11604.0,0,0,
288,2019-07-01 00:00:00,10909.5,10993.0,10659.0,10761.0,437394269.0,10659.0,11589.5,0,0,
289,2019-07-01 01:00:00,10761.0,11025.0,10613.5,11004.5,345123879.0,10613.5,11420.5,0,0,
290,2019-07-01 02:00:00,11004.5,11090.0,10885.0,10894.5,183650011.0,10613.5,11420.5,0,0,
291,2019-07-01 03:00:00,10894.5,11076.0,10787.0,10990.0,189237340.0,10613.5,11420.5,0,0,
292,2019-07-01 04:00:00,10990.0,11220.0,10965.5,11083.5,193987253.0,10613.5,11420.5,0,0,
293,2019-07-01 05:00:00,11083.5,11140.0,11018.0,11080.0,126412303.0,10613.5,11420.5,0,0,
294,2019-07-01 06:00:00,11080.0,11146.5,10886.0,11009.0,264457514.0,10613.5,11420.5,0,0,
295,2019-07-01 07:00:00,11009.0,11075.5,10863.0,10882.5,189699396.0,10613.5,11420.5,0,0,
296,2019-07-01 08:00:00,10882.5,11013.0,10787.5,10910.5,210725467.0,10613.5,11420.5,0,0,
297,2019-07-01 09:00:00,10910.5,11128.0,10884.0,11126.5,219538439.0,10613.5,11257.5,0,0,
298,2019-07-01 10:00:00,11126.5,11185.5,11023.5,11060.0,156934961.0,10613.5,11220.0,0,0,
299,2019-07-01 11:00:00,11060.0,11095.0,10857.0,10945.5,216339079.0,10613.5,11220.0,0,0,
300,2019-07-01 12:00:00,10945.5,11001.5,10860.0,10980.5,146415358.0,10787.0,11220.0,0,0,
301,2019-07-01 13:00:00,10980.5,11003.5,10459.0,10595.5,574609073.0,10459.0,11220.0,0,0,
302,2019-07-01 14:00:00,10595.5,10664.0,10520.0,10525.0,266511677.0,10459.0,11220.0,0,0,
303,2019-07-01 15:00:00,10525.0,10618.5,10135.5,10228.0,554934403.0,10135.5,11185.5,0,0,
304,2019-07-01 16:00:00,10228.0,10337.0,9950.0,10337.0,682665932.0,9950.0,11185.5,0,0,
305,2019-07-01 17:00:00,10337.0,10408.5,10233.5,10285.5,324852145.0,9950.0,11185.5,0,0,
306,2019-07-01 18:00:00,10285.5,10390.0,10141.0,10265.0,283695788.0,9950.0,11185.5,0,0,
307,2019-07-01 19:00:00,10265.0,10314.0,10161.5,10255.0,164378123.0,9950.0,11185.5,0,0,
308,2019-07-01 20:00:00,10255.0,10262.0,9964.0,10192.5,300525861.0,9950.0,11185.5,0,0,
309,2019-07-01 21:00:00,10192.5,10545.0,10197.5,10476.0,359461908.0,9950.0,11095.0,0,0,
310,2019-07-01 22:00:00,10476.0,10588.5,10406.0,10540.0,178208854.0,9950.0,11003.5,0,0,
311,2019-07-01 23:00:00,10540.0,10549.0,10433.5,10468.0,129940878.0,9950.0,11003.5,0,0,
312,2019-07-02 00:00:00,10468.0,10635.0,10468.0,10570.5,140511079.0,9950.0,10664.0,0,0,
313,2019-07-02 01:00:00,10570.5,10658.5,10344.0,10344.5,225709191.0,9950.0,10658.5,0,0,
314,2019-07-02 02:00:00,10344.5,10391.0,10188.0,10239.5,184601825.0,9950.0,10658.5,0,0,
315,2019-07-02 03:00:00,10239.5,10355.0,10212.0,10231.0,126072210.0,9964.0,10658.5,0,0,
316,2019-07-02 04:00:00,10231.0,10330.5,10215.0,10316.5,109420583.0,9964.0,10658.5,0,0,
317,2019-07-02 05:00:00,10316.5,10360.0,9781.0,9893.5,625785592.0,9781.0,10658.5,0,0,
318,2019-07-02 06:00:00,9893.5,9944.0,9731.0,9790.5,346008685.0,9731.0,10658.5,0,0,
319,2019-07-02 07:00:00,9790.5,9874.0,9715.0,9770.5,216052334.0,9715.0,10658.5,0,0,
320,2019-07-02 08:00:00,9770.5,9902.5,9771.0,9840.0,150443840.0,9715.0,10658.5,0,0,
321,2019-07-02 09:00:00,9840.0,10279.5,9804.5,10195.0,409774879.0,9715.0,10658.5,0,0,
322,2019-07-02 10:00:00,10195.0,10298.5,10134.0,10156.5,268423640.0,9715.0,10658.5,0,0,
323,2019-07-02 11:00:00,10156.5,10250.0,10014.0,10038.0,227373991.0,9715.0,10658.5,0,0,
324,2019-07-02 12:00:00,10038.0,10224.0,9650.0,9973.0,706135226.0,9650.0,10391.0,0,0,9650.0
325,2019-07-02 13:00:00,9973.0,10180.0,9960.0,10019.0,353247305.0,9650.0,10360.0,0,0,
326,2019-07-02 14:00:00,10019.0,10114.5,9851.5,9947.0,264157928.0,9650.0,10360.0,0,0,
327,2019-07-02 15:00:00,9947.0,10539.0,9947.5,10519.5,522633263.0,9650.0,10539.0,0,0,
328,2019-07-02 16:00:00,10519.5,10627.5,10395.0,10600.0,257767983.0,9650.0,10627.5,0,0,
329,2019-07-02 17:00:00,10600.0,10600.5,10420.0,10486.0,226012185.0,9650.0,10627.5,0,0,
330,2019-07-02 18:00:00,10486.0,10753.0,10486.0,10714.5,324097032.0,9650.0,10753.0,0,0,
331,2019-07-02 19:00:00,10714.5,10721.0,10570.0,10697.5,174415638.0,9650.0,10753.0,0,0,
332,2019-07-02 20:00:00,10697.5,10843.0,10665.0,10763.5,205980623.0,9650.0,10843.0,0,0,
333,2019-07-02 21:00:00,10763.5,10924.0,10708.5,10708.5,279343224.0,9650.0,10924.0,0,0,
334,2019-07-02 22:00:00,10708.5,10768.0,10601.0,10676.0,218435437.0,9650.0,10924.0,0,0,
335,2019-07-02 23:00:00,10676.0,10850.0,10644.5,10796.5,166975352.0,9851.5,10924.0,0,0,
336,2019-07-03 00:00:00,10796.5,10843.5,10688.0,10840.0,139624266.0,9851.5,10924.0,0,0,
337,2019-07-03 01:00:00,10840.0,11280.0,10840.0,11250.5,517513199.0,9947.5,11280.0,0,0,
338,2019-07-03 02:00:00,11250.5,11450.0,11201.0,11349.0,452810735.0,10395.0,11450.0,0,0,
339,2019-07-03 03:00:00,11349.0,11368.0,11127.5,11162.0,328717653.0,10420.0,11450.0,0,0,
340,2019-07-03 04:00:00,11162.0,11380.0,11122.0,11319.5,249097161.0,10486.0,11450.0,0,0,
341,2019-07-03 05:00:00,11319.5,11435.5,11253.5,11280.5,257591760.0,10570.0,11450.0,0,0,
342,2019-07-03 06:00:00,11280.5,11580.0,11235.0,11490.0,409423824.0,10601.0,11580.0,0,0,
343,2019-07-03 07:00:00,11490.0,11525.5,11331.0,11459.0,233374176.0,10601.0,11580.0,0,0,
344,2019-07-03 08:00:00,11459.0,11496.0,11250.0,11260.5,329739776.0,10601.0,11580.0,0,0,
345,2019-07-03 09:00:00,11260.5,11348.0,11052.5,11061.0,388215608.0,10644.5,11580.0,0,0,
346,2019-07-03 10:00:00,11061.0,11285.0,10947.0,11275.0,455592864.0,10688.0,11580.0,0,0,
347,2019-07-03 11:00:00,11275.0,11423.5,11227.0,11358.5,361319032.0,10840.0,11580.0,0,0,
348,2019-07-03 12:00:00,11358.5,11400.0,11132.5,11207.5,265797165.0,10947.0,11580.0,0,0,
349,2019-07-03 13:00:00,11207.5,11420.0,11177.0,11389.5,229438025.0,10947.0,11580.0,0,0,
350,2019-07-03 14:00:00,11389.5,11476.0,11207.0,11271.5,311772271.0,10947.0,11580.0,0,0,
351,2019-07-03 15:00:00,11271.5,11499.0,11203.5,11410.5,254660449.0,10947.0,11580.0,0,0,
352,2019-07-03 16:00:00,11410.5,11524.0,11352.0,11455.5,280592136.0,10947.0,11580.0,0,0,
353,2019-07-03 17:00:00,11455.5,11492.0,11146.0,11185.5,385820843.0,10947.0,11525.5,0,0,
354,2019-07-03 18:00:00,11185.5,11365.5,11178.0,11190.5,232287008.0,10947.0,11524.0,0,0,
355,2019-07-03 19:00:00,11190.5,11275.0,11030.5,11263.0,314449197.0,10947.0,11524.0,0,0,
356,2019-07-03 20:00:00,11263.0,11342.0,11181.0,11277.5,133259932.0,10947.0,11524.0,0,0,
357,2019-07-03 21:00:00,11277.5,11437.0,11224.0,11375.5,142984339.0,11030.5,11524.0,0,0,
358,2019-07-03 22:00:00,11375.5,11423.0,11310.5,11393.0,107945369.0,11030.5,11524.0,0,0,
359,2019-07-03 23:00:00,11393.0,11965.5,11382.5,11915.5,444738395.0,11030.5,11965.5,0,0,
360,2019-07-04 00:00:00,11915.5,12028.5,11850.0,11983.5,272087676.0,11030.5,12028.5,0,0,
361,2019-07-04 01:00:00,11983.5,12070.0,11805.0,11859.5,269013780.0,11030.5,12070.0,0,0,12070.0
362,2019-07-04 02:00:00,11859.5,11958.0,11814.0,11909.0,141304332.0,11030.5,12070.0,0,0,
363,2019-07-04 03:00:00,11909.0,11987.0,11870.5,11930.0,92632945.0,11030.5,12070.0,0,0,
364,2019-07-04 04:00:00,11930.0,11967.5,11845.0,11907.0,127493530.0,11030.5,12070.0,0,0,
365,2019-07-04 05:00:00,11907.0,11918.0,11659.0,11674.0,282123960.0,11030.5,12070.0,0,0,
366,2019-07-04 06:00:00,11674.0,11739.5,11617.0,11705.5,200266714.0,11181.0,12070.0,0,0,
367,2019-07-04 07:00:00,11705.5,11811.5,11678.0,11775.0,138028752.0,11224.0,12070.0,0,0,
368,2019-07-04 08:00:00,11775.0,11843.5,11693.0,11717.0,206039676.0,11310.5,12070.0,0,0,
369,2019-07-04 09:00:00,11717.0,11803.0,11650.0,11788.5,157536284.0,11382.5,12070.0,0,0,
370,2019-07-04 10:00:00,11788.5,11795.5,11612.5,11662.0,201447255.0,11612.5,12070.0,0,0,
371,2019-07-04 11:00:00,11662.0,11715.0,11523.0,11623.0,267911541.0,11523.0,12070.0,0,0,
372,2019-07-04 12:00:00,11623.0,11790.0,11610.0,11745.5,215053649.0,11523.0,11987.0,0,0,
373,2019-07-04 13:00:00,11745.5,11848.0,11732.0,11791.5,203419359.0,11523.0,11987.0,0,0,
374,2019-07-04 14:00:00,11791.5,11938.0,11788.0,11883.5,241782422.0,11523.0,11967.5,0,0,
375,2019-07-04 15:00:00,11883.5,11948.5,11826.0,11885.0,217864623.0,11523.0,11948.5,0,0,
376,2019-07-04 16:00:00,11885.0,11934.5,11764.0,11780.0,234829068.0,11523.0,11948.5,0,0,
377,2019-07-04 17:00:00,11780.0,11827.0,11666.0,11799.5,228337542.0,11523.0,11948.5,0,0,
378,2019-07-04 18:00:00,11799.5,11920.0,11800.0,11890.0,150636605.0,11523.0,11948.5,0,0,
379,2019-07-04 19:00:00,11890.0,11905.0,11812.5,11855.5,102486636.0,11523.0,11948.5,0,0,
380,2019-07-04 20:00:00,11855.5,11880.0,11760.5,11880.0,121861273.0,11523.0,11948.5,0,0,
381,2019-07-04 21:00:00,11880.0,11880.0,11462.5,11717.5,404121920.0,11462.5,11948.5,0,0,
382,2019-07-04 22:00:00,11717.5,11744.0,11562.0,11576.5,178755965.0,11462.5,11948.5,0,0,
383,2019-07-04 23:00:00,11576.5,11713.5,11565.0,11624.5,138865164.0,11462.5,11948.5,0,0,
384,2019-07-05 00:00:00,11624.5,11642.5,11042.5,11143.0,591649973.0,11042.5,11948.5,0,0,
385,2019-07-05 01:00:00,11143.0,11209.0,10960.0,11158.5,297185761.0,10960.0,11948.5,0,0,
386,2019-07-05 02:00:00,11158.5,11244.0,11145.0,11195.5,145973058.0,10960.0,11934.5,0,0,
387,2019-07-05 03:00:00,11195.5,11249.5,11086.5,11103.5,149431960.0,10960.0,11920.0,0,0,
388,2019-07-05 04:00:00,11103.5,11169.5,11055.5,11131.5,132631845.0,10960.0,11920.0,0,0,
389,2019-07-05 05:00:00,11131.5,11163.0,11009.0,11157.5,162736890.0,10960.0,11905.0,0,0,
390,2019-07-05 06:00:00,11157.5,11187.5,11111.5,11112.0,93140084.0,10960.0,11880.0,0,0,
391,2019-07-05 07:00:00,11112.0,11131.5,10755.0,10830.0,325080479.0,10755.0,11880.0,0,0,10755.0
392,2019-07-05 08:00:00,10830.0,10960.0,10770.0,10960.0,255461327.0,10755.0,11744.0,0,0,
393,2019-07-05 09:00:00,10960.0,10960.0,10865.0,10884.5,134536878.0,10755.0,11713.5,0,0,
394,2019-07-05 10:00:00,10884.5,11232.0,10873.5,11211.0,346205539.0,10755.0,11642.5,0,0,
395,2019-07-05 11:00:00,11211.0,11333.5,11178.5,11290.0,236765205.0,10755.0,11333.5,0,0,
396,2019-07-05 12:00:00,11290.0,11306.5,11192.0,11202.5,155844636.0,10755.0,11333.5,0,0,
397,2019-07-05 13:00:00,11202.5,11242.5,11118.5,11195.5,190253492.0,10755.0,11333.5,0,0,
398,2019-07-05 14:00:00,11195.5,11231.5,11143.0,11173.0,112277104.0,10755.0,11333.5,0,0,
399,2019-07-05 15:00:00,11173.0,11439.0,11173.0,11375.0,297584577.0,10755.0,11439.0,0,0,
400,2019-07-05 16:00:00,11375.0,11404.0,11198.0,11259.5,228222035.0,10755.0,11439.0,0,0,
401,2019-07-05 17:00:00,11259.5,11272.5,11150.0,11150.5,159981620.0,10755.0,11439.0,0,0,
402,2019-07-05 18:00:00,11150.5,11331.0,11020.0,11312.5,304122130.0,10770.0,11439.0,0,0,
403,2019-07-05 19:00:00,11312.5,11359.0,11171.5,11234.0,172757677.0,10865.0,11439.0,0,0,
404,2019-07-05 20:00:00,11234.0,11300.0,11105.0,11137.0,140398932.0,10873.5,11439.0,0,0,
405,2019-07-05 21:00:00,11137.0,11191.0,10805.0,11038.5,348102431.0,10805.0,11439.0,0,0,
406,2019-07-05 22:00:00,11038.5,11110.0,10952.5,11069.5,144707919.0,10805.0,11439.0,0,0,
407,2019-07-05 23:00:00,11069.5,11120.0,10900.0,10942.5,157138466.0,10805.0,11439.0,0,0,
408,2019-07-06 00:00:00,10942.5,11050.5,10820.0,10991.0,193786971.0,10805.0,11439.0,0,0,
409,2019-07-06 01:00:00,10991.0,11481.5,10952.0,11475.5,321766967.0,10805.0,11481.5,0,0,
410,2019-07-06 02:00:00,11475.5,11476.5,11343.0,11395.5,139027768.0,10805.0,11481.5,0,0,
411,2019-07-06 03:00:00,11395.5,11450.0,11337.0,11377.5,100171984.0,10805.0,11481.5,0,0,
412,2019-07-06 04:00:00,11377.5,11530.0,11331.0,11529.5,118302606.0,10805.0,11530.0,0,0,
413,2019-07-06 05:00:00,11529.5,11654.0,11426.0,11443.0,271443613.0,10805.0,11654.0,0,0,
414,2019-07-06 06:00:00,11443.0,11538.0,11240.0,11359.5,206428228.0,10805.0,11654.0,0,0,
415,2019-07-06 07:00:00,11359.5,11540.0,11359.0,11413.5,169389640.0,10805.0,11654.0,0,0,
416,2019-07-06 08:00:00,11413.5,11537.0,11383.5,11470.0,144981766.0,10820.0,11654.0,0,0,
417,2019-07-06 09:00:00,11470.0,11579.5,11311.0,11340.0,283961885.0,10820.0,11654.0,0,0,
418,2019-07-06 10:00:00,11340.0,11451.5,11335.0,11428.5,126915687.0,10820.0,11654.0,0,0,
419,2019-07-06 11:00:00,11428.5,11490.0,11360.0,11386.0,111189996.0,10952.0,11654.0,0,0,
420,2019-07-06 12:00:00,11386.0,11449.0,11338.5,11432.0,96391204.0,11240.0,11654.0,0,0,
421,2019-07-06 13:00:00,11432.0,11600.0,11322.5,11470.0,224549778.0,11240.0,11654.0,0,0,
422,2019-07-06 14:00:00,11470.0,11480.0,11349.0,11398.0,138230591.0,11240.0,11654.0,0,0,
423,2019-07-06 15:00:00,11398.0,11478.0,11362.0,11478.0,107238598.0,11240.0,11654.0,0,0,
424,2019-07-06 16:00:00,11478.0,11699.5,11439.0,11633.5,302225662.0,11240.0,11699.5,0,0,
425,2019-07-06 17:00:00,11633.5,11747.0,11552.5,11622.0,230425329.0,11311.0,11747.0,0,0,
426,2019-07-06 18:00:00,11622.0,11642.0,11539.5,11611.0,109487215.0,11311.0,11747.0,0,0,
427,2019-07-06 19:00:00,11611.0,11628.0,11420.0,11495.5,158471707.0,11311.0,11747.0,0,0,
428,2019-07-06 20:00:00,11495.5,11532.0,11458.0,11530.0,87984389.0,11322.5,11747.0,0,0,
429,2019-07-06 21:00:00,11530.0,11530.0,11438.0,11470.0,75208685.0,11322.5,11747.0,0,0,
430,2019-07-06 22:00:00,11470.0,11470.5,11067.0,11159.0,381318184.0,11067.0,11747.0,0,0,
431,2019-07-06 23:00:00,11159.0,11229.0,11050.0,11223.0,221754936.0,11050.0,11747.0,0,0,
432,2019-07-07 00:00:00,11223.0,11265.0,11160.0,11234.0,106970195.0,11050.0,11747.0,0,0,
433,2019-07-07 01:00:00,11234.0,11248.5,11070.0,11189.5,160353303.0,11050.0,11747.0,0,0,
434,2019-07-07 02:00:00,11189.5,11236.5,11124.0,11221.5,102932302.0,11050.0,11747.0,0,0,
435,2019-07-07 03:00:00,11221.5,11221.5,11092.0,11175.5,98914279.0,11050.0,11747.0,0,0,
436,2019-07-07 04:00:00,11175.5,11212.0,11073.0,11144.5,130453410.0,11050.0,11642.0,0,0,
437,2019-07-07 05:00:00,11144.5,11330.0,11135.0,11276.0,138238782.0,11050.0,11628.0,0,0,
438,2019-07-07 06:00:00,11276.0,11298.0,11191.5,11226.0,86270408.0,11050.0,11532.0,0,0,
439,2019-07-07 07:00:00,11226.0,11232.0,11151.5,11180.5,51877390.0,11050.0,11530.0,0,0,
440,2019-07-07 08:00:00,11180.5,11250.0,11166.0,11198.0,64259404.0,11050.0,11470.5,0,0,
441,2019-07-07 09:00:00,11198.0,11206.5,11099.0,11189.5,125453606.0,11050.0,11330.0,0,0,
442,2019-07-07 10:00:00,11189.5,11261.5,11159.5,11240.0,99355277.0,11070.0,11330.0,0,0,
443,2019-07-07 11:00:00,11240.0,11296.5,11206.0,11274.0,99457872.0,11070.0,11330.0,0,0,
444,2019-07-07 12:00:00,11274.0,11383.5,11247.0,11340.5,145001428.0,11073.0,11383.5,0,0,
445,2019-07-07 13:00:00,11340.5,11462.0,11335.5,11360.0,218060936.0,11073.0,11462.0,0,0,
446,2019-07-07 14:00:00,11360.0,11410.0,11358.0,11383.0,84309832.0,11073.0,11462.0,0,0,
447,2019-07-07 15:00:00,11383.0,11438.5,11355.5,11355.5,76810474.0,11099.0,11462.0,0,0,
448,2019-07-07 16:00:00,11355.5,11412.5,11180.0,11244.0,267518952.0,11099.0,11462.0,0,0,
449,2019-07-07 17:00:00,11244.0,11256.0,11137.0,11197.5,174474671.0,11099.0,11462.0,0,0,
450,2019-07-07 18:00:00,11197.5,11596.0,11197.5,11503.0,316216063.0,11099.0,11596.0,0,0,
451,2019-07-07 19:00:00,11503.0,11562.0,11430.5,11488.0,143355084.0,11099.0,11596.0,0,0,
452,2019-07-07 20:00:00,11488.0,11650.0,11444.0,11577.0,191784934.0,11137.0,11650.0,0,0,
453,2019-07-07 21:00:00,11577.0,11647.0,11418.5,11520.0,186301548.0,11137.0,11650.0,0,0,
454,2019-07-07 22:00:00,11520.0,11570.0,11488.0,11543.5,99415111.0,11137.0,11650.0,0,0,
455,2019-07-07 23:00:00,11543.5,11597.0,11337.5,11430.5,210588333.0,11137.0,11650.0,0,0,
456,2019-07-08 00:00:00,11430.5,11491.5,11423.5,11475.5,66108000.0,11137.0,11650.0,0,0,
457,2019-07-08 01:00:00,11475.5,11549.5,11410.0,11435.0,120243962.0,11137.0,11650.0,0,0,
458,2019-07-08 02:00:00,11435.0,11480.0,11388.0,11461.0,88904008.0,11137.0,11650.0,0,0,
459,2019-07-08 03:00:00,11461.0,11466.5,11374.0,11395.5,77158546.0,11137.0,11650.0,0,0,
460,2019-07-08 04:00:00,11395.5,11443.5,11321.5,11411.5,110654349.0,11197.5,11650.0,0,0,
461,2019-07-08 05:00:00,11411.5,11507.0,11404.5,11493.0,112687864.0,11321.5,11650.0,0,0,
462,2019-07-08 06:00:00,11493.0,11518.5,11471.0,11478.0,49631524.0,11321.5,11650.0,0,0,
463,2019-07-08 07:00:00,11478.0,11478.5,11432.5,11435.0,72296279.0,11321.5,11647.0,0,0,
464,2019-07-08 08:00:00,11435.0,11532.0,11432.0,11483.5,88649596.0,11321.5,11597.0,0,0,
465,2019-07-08 09:00:00,11483.5,11901.0,11392.0,11880.0,233002004.0,11321.5,11901.0,0,0,
466,2019-07-08 10:00:00,11880.0,11992.0,11805.5,11890.5,530643905.0,11321.5,11992.0,0,0,
467,2019-07-08 11:00:00,11890.5,12000.0,11873.5,11950.0,274078737.0,11321.5,12000.0,0,0,
468,2019-07-08 12:00:00,11950.0,12062.5,11906.5,11970.0,198501609.0,11321.5,12062.5,0,0,
469,2019-07-08 13:00:00,11970.0,11987.0,11883.5,11914.5,177521235.0,11321.5,12062.5,0,0,
470,2019-07-08 14:00:00,11914.5,11940.0,11870.0,11906.0,122841903.0,11321.5,12062.5,0,0,
471,2019-07-08 15:00:00,11906.0,11939.0,11876.0,11913.0,87477245.0,11392.0,12062.5,0,0,
472,2019-07-08 16:00:00,11913.0,11944.0,11850.0,11899.0,139298194.0,11392.0,12062.5,0,0,
473,2019-07-08 17:00:00,11899.0,11922.5,11817.5,11904.5,171449019.0,11392.0,12062.5,0,0,
474,2019-07-08 18:00:00,11904.5,11960.0,11891.0,11928.0,82283045.0,11392.0,12062.5,0,0,
475,2019-07-08 19:00:00,11928.0,11932.5,11859.0,11892.5,87919459.0,11392.0,12062.5,0,0,
476,2019-07-08 20:00:00,11892.5,12280.0,11892.5,12216.0,408114152.0,11805.5,12280.0,0,0,
477,2019-07-08 21:00:00,12216.0,12300.0,12158.0,12221.0,261470378.0,11817.5,12300.0,0,0,
478,2019-07-08 22:00:00,12221.0,12349.5,12200.0,12334.0,184726943.0,11817.5,12349.5,0,0,
479,2019-07-08 23:00:00,12334.0,12367.5,12261.0,12327.0,237871661.0,11817.5,12367.5,0,0,
480,2019-07-09 00:00:00,12327.0,12387.0,12269.5,12290.0,186080614.0,11817.5,12387.0,0,0,
481,2019-07-09 01:00:00,12290.0,12319.0,12255.0,12280.0,94075946.0,11817.5,12387.0,0,0,
482,2019-07-09 02:00:00,12280.0,12600.0,12280.0,12550.5,346186650.0,11817.5,12600.0,0,0,
483,2019-07-09 03:00:00,12550.5,12764.0,12550.0,12670.0,346875870.0,11817.5,12764.0,0,0,
484,2019-07-09 04:00:00,12670.0,12796.0,12575.0,12678.0,347198085.0,11859.0,12796.0,0,0,
485,2019-07-09 05:00:00,12678.0,12796.0,12625.0,12740.0,218856883.0,11859.0,12796.0,0,0,
486,2019-07-09 06:00:00,12740.0,12796.5,12677.0,12685.0,208350525.0,11892.5,12796.5,0,0,
487,2019-07-09 07:00:00,12685.0,12840.0,12641.0,12780.0,247871755.0,12158.0,12840.0,0,0,
488,2019-07-09 08:00:00,12780.0,12839.0,12411.0,12482.5,495565074.0,12200.0,12840.0,0,0,
489,2019-07-09 09:00:00,12482.5,12630.0,12482.0,12609.5,222259825.0,12255.0,12840.0,0,0,
490,2019-07-09 10:00:00,12609.5,12719.0,12526.0,12697.0,190911230.0,12255.0,12840.0,0,0,
491,2019-07-09 11:00:00,12697.0,12699.5,12105.0,12321.5,724228245.0,12105.0,12840.0,0,0,
492,2019-07-09 12:00:00,12321.5,12375.0,12222.0,12344.0,184307994.0,12105.0,12840.0,0,0,
493,2019-07-09 13:00:00,12344.0,12403.5,12285.5,12396.0,165518838.0,12105.0,12840.0,0,0,
494,2019-07-09 14:00:00,12396.0,12484.0,12330.5,12426.5,205647753.0,12105.0,12840.0,0,0,
495,2019-07-09 15:00:00,12426.5,12460.0,12300.0,12340.0,177026126.0,12105.0,12840.0,0,0,
496,2019-07-09 16:00:00,12340.0,12440.5,12200.0,12409.5,248469374.0,12105.0,12840.0,0,0,
497,2019-07-09 17:00:00,12409.5,12608.0,12395.5,12555.5,293048067.0,12105.0,12840.0,0,0,
498,2019-07-09 18:00:00,12555.5,12623.0,12510.0,12559.0,144387880.0,12105.0,12839.0,0,0,
499,2019-07-09 19:00:00,12559.0,12658.5,12532.0,12590.5,157400719.0,12105.0,12719.0,0,0,12658.5
